RESTATEMENT_NOTIFICATION_KEY,RESTATEMENT_TYPE_FKEY,RESTATEMENT_TYPE,FILE_DATE,COMPANY_FKEY,BEST_EDGAR_TICKER
70697,1,Restatement - Financial,2022-12-16,0000039020,FEIM
72627,2,Out of Period Adjustment,2024-08-02,0000039020,FEIM
69946,1,Restatement - Financial,2022-05-17,0000069633,NSSC
71479,1,Restatement - Financial,2023-08-18,0000069633,NSSC
46865,1,Restatement - Financial,2014-08-11,0000084112,RSKIA
64555,1,Restatement - Financial,2020-03-11,0000084112,RSKIA
70393,1,Restatement - Financial,2022-09-20,0000084112,RSKIA
43489,1,Restatement - Financial,2013-08-16,0000102109,UUU
50000,1,Restatement - Financial,2015-07-14,0000102109,UUU
57305,1,Restatement - Financial,2017-07-14,0000102109,UUU
44392,2,Out of Period Adjustment,2013-11-12,0000351789,ELSE
56144,1,Restatement - Financial,2017-03-29,0000351789,ELSE
72680,1,Restatement - Financial,2024-08-08,0000748268,RCAT
34377,1,Restatement - Financial,2011-02-25,0000780571,ITRI
40399,2,Out of Period Adjustment,2012-11-06,0000780571,ITRI
46845,2,Out of Period Adjustment,2014-02-26,0000780571,ITRI
53620,1,Restatement - Financial,2016-03-01,0000780571,ITRI
62539,1,Restatement - Financial,2019-05-08,0000780571,ITRI
47669,1,Restatement - Financial,2014-11-04,0000793524,REFR
69285,1,Restatement - Financial,2022-02-24,0000793524,REFR
51311,1,Restatement - Financial,2015-11-10,0000864749,TRMB
39051,1,Restatement - Financial,2012-08-10,0000866439,DPLS
54103,2,Out of Period Adjustment,2016-05-10,0000877212,ZBRA
54527,1,Restatement - Financial,2016-11-01,0000877212,ZBRA
42461,1,Restatement - Financial,2013-03-18,0000880984,ACFN
54170,2,Out of Period Adjustment,2016-08-15,0000880984,ACFN
55441,2,Out of Period Adjustment,2017-02-15,0000889971,LPTH
53613,1,Restatement - Financial,2016-06-21,0000915779,DAKT
52428,2,Out of Period Adjustment,2015-02-25,0000917491,FARO
70432,2,Out of Period Adjustment,2021-08-31,0000922612,SMIT
70392,1,Restatement - Financial,2022-09-20,0000922612,SMIT
70431,2,Out of Period Adjustment,2022-10-13,0000922612,SMIT
45278,1,Restatement - Financial,2014-03-03,0000927003,AEIS
63554,2,Out of Period Adjustment,2019-11-13,0000943034,AATC
58513,1,Restatement - Financial,2018-02-12,0001001907,ASTC
38929,1,Restatement - Financial,2011-03-07,0001036044,INVE
38398,2,Out of Period Adjustment,2012-03-29,0001036044,INVE
41630,1,Restatement - Financial,2013-03-19,0001036044,INVE
43839,1,Restatement - Financial,2013-11-13,0001036044,INVE
53643,2,Out of Period Adjustment,2015-05-18,0001036044,INVE
56626,1,Restatement - Financial,2017-05-12,0001045942,TRCK
34972,1,Restatement - Financial,2010-10-01,0001076930,NOVT
41640,2,Out of Period Adjustment,2013-03-18,0001076930,NOVT
44550,2,Out of Period Adjustment,2013-05-08,0001076930,NOVT
44551,2,Out of Period Adjustment,2013-08-06,0001076930,NOVT
37098,2,Out of Period Adjustment,2010-08-10,0001094285,TDY
38995,1,Restatement - Financial,2012-07-13,0001104038,VRME
42303,1,Restatement - Financial,2013-05-13,0001104038,VRME
31287,1,Restatement - Financial,2010-03-15,0001126302,MTRO
50509,1,Restatement - Financial,2015-08-14,0001239819,LUNA
72013,1,Restatement - Financial,2024-03-12,0001239819,LUNA
59385,1,Restatement - Financial,2018-06-19,0001291855,SPCB
38370,1,Restatement - Financial,2012-05-29,0001383088,CYCA
67016,1,Restatement - Financial,2021-07-07,0001412095,TROO
68111,1,Restatement - Financial,2021-11-15,0001425627,SOBR
60585,2,Out of Period Adjustment,2019-01-11,0001435064,CETX
66636,1,Restatement - Financial,2021-05-18,0001435064,CETX
71815,1,Restatement - Financial,2023-12-28,0001435064,CETX
73341,1,Restatement - Financial,2024-12-30,0001435064,CETX
42388,1,Restatement - Financial,2013-05-20,0001463972,VUZI
69384,1,Restatement - Financial,2022-03-02,0001463972,VUZI
70454,1,Restatement - Financial,2022-10-25,0001463972,VUZI
51196,2,Out of Period Adjustment,2015-03-11,0001487952,VPG
50657,1,Restatement - Financial,2015-09-03,0001487952,VPG
56248,2,Out of Period Adjustment,2017-03-16,0001487952,VPG
67050,1,Restatement - Financial,2021-07-19,0001498233,CPTN
68726,1,Restatement - Financial,2021-08-19,0001498233,CPTN
67983,1,Restatement - Financial,2021-11-23,0001498233,CPTN
73087,1,Restatement - Financial,2024-08-13,0001498233,CPTN
58985,1,Restatement - Financial,2018-04-02,0001590418,FCUV
59750,1,Restatement - Financial,2018-08-14,0001590418,FCUV
64923,1,Restatement - Financial,2020-05-15,0001590418,FCUV
72164,1,Restatement - Financial,2024-04-05,0001774170,AIOT
66174,1,Restatement - Financial,2021-05-17,0001789029,AEVA
66066,1,Restatement - Financial,2021-05-12,0001805385,EVLV
68147,1,Restatement - Financial,2021-11-15,0001805385,EVLV
69911,2,Out of Period Adjustment,2022-05-13,0001805385,EVLV
70286,1,Restatement - Financial,2022-08-18,0001805385,EVLV
71567,1,Restatement - Financial,2023-10-25,0001805385,EVLV
72952,1,Restatement - Financial,2024-10-25,0001805385,EVLV
65873,1,Restatement - Financial,2021-04-30,0001809987,MIR
66123,1,Restatement - Financial,2021-05-14,0001816581,OUST
65915,1,Restatement - Financial,2021-05-04,0001818644,LIDR
71367,1,Restatement - Financial,2023-08-08,0001837014,SMRT
72323,1,Restatement - Financial,2024-05-08,0001837014,SMRT
72641,1,Restatement - Financial,2024-08-07,0001956955,UMAC
